id,question,asked_by
1,What are the quiet hours on weekdays?,new resident
2,How long can a guest stay overnight?,new resident
3,Are pets allowed in the residence halls?,parent
4,How do I report a maintenance problem?,new resident
5,When is the deposit refunded after moving out?,leaving resident
6,How much does a replacement key card cost?,new resident
7,When are the fire alarms tested?,new resident
8,Can I use my own wireless router?,new resident
9,What is the parking permit fee?,new resident
10,By what time must I vacate my room at the end of the contract?,leaving resident
